-- --------------------------------------------------------
-- Host:                         127.0.0.1
-- Server version:               10.4.13-MariaDB-1:10.4.13+maria~bionic - mariadb.org binary distribution
-- Server OS:                    debian-linux-gnu
-- HeidiSQL Version:             10.3.0.5771
-- --------------------------------------------------------

/*!40101 SET @OLD_CHARACTER_SET_CLIENT=@@CHARACTER_SET_CLIENT */;
/*!40101 SET NAMES utf8 */;
/*!50503 SET NAMES utf8mb4 */;
/*!40014 SET @OLD_FOREIGN_KEY_CHECKS=@@FOREIGN_KEY_CHECKS, FOREIGN_KEY_CHECKS=0 */;
/*!40101 SET @OLD_SQL_MODE=@@SQL_MODE, SQL_MODE='NO_AUTO_VALUE_ON_ZERO' */;


-- Dumping database structure for codesista_laravel
DROP DATABASE IF EXISTS `codesista_laravel`;
CREATE DATABASE IF NOT EXISTS `codesista_laravel` /*!40100 DEFAULT CHARACTER SET utf8mb4 */;
USE `codesista_laravel`;

-- Dumping structure for table codesista_laravel.failed_jobs
DROP TABLE IF EXISTS `failed_jobs`;
CREATE TABLE IF NOT EXISTS `failed_jobs` (
  `id` bigint(20) unsigned NOT NULL AUTO_INCREMENT,
  `connection` text COLLATE utf8mb4_unicode_ci NOT NULL,
  `queue` text COLLATE utf8mb4_unicode_ci NOT NULL,
  `payload` longtext COLLATE utf8mb4_unicode_ci NOT NULL,
  `exception` longtext COLLATE utf8mb4_unicode_ci NOT NULL,
  `failed_at` timestamp NOT NULL DEFAULT current_timestamp(),
  PRIMARY KEY (`id`)
) ENGINE=InnoDB DEFAULT CHARSET=utf8mb4 COLLATE=utf8mb4_unicode_ci;

-- Dumping data for table codesista_laravel.failed_jobs: ~0 rows (approximately)
/*!40000 ALTER TABLE `failed_jobs` DISABLE KEYS */;
/*!40000 ALTER TABLE `failed_jobs` ENABLE KEYS */;

-- Dumping structure for table codesista_laravel.migrations
DROP TABLE IF EXISTS `migrations`;
CREATE TABLE IF NOT EXISTS `migrations` (
  `id` int(10) unsigned NOT NULL AUTO_INCREMENT,
  `migration` varchar(255) COLLATE utf8mb4_unicode_ci NOT NULL,
  `batch` int(11) NOT NULL,
  PRIMARY KEY (`id`)
) ENGINE=InnoDB AUTO_INCREMENT=5 DEFAULT CHARSET=utf8mb4 COLLATE=utf8mb4_unicode_ci;

-- Dumping data for table codesista_laravel.migrations: ~2 rows (approximately)
/*!40000 ALTER TABLE `migrations` DISABLE KEYS */;
INSERT INTO `migrations` (`id`, `migration`, `batch`) VALUES
	(1, '2014_10_12_000000_create_users_table', 1),
	(2, '2019_08_19_000000_create_failed_jobs_table', 1),
	(4, '2020_07_07_210359_create_posts_table', 2);
/*!40000 ALTER TABLE `migrations` ENABLE KEYS */;

-- Dumping structure for table codesista_laravel.posts
DROP TABLE IF EXISTS `posts`;
CREATE TABLE IF NOT EXISTS `posts` (
  `id` bigint(20) unsigned NOT NULL AUTO_INCREMENT,
  `author_id` bigint(20) unsigned NOT NULL,
  `title` varchar(200) COLLATE utf8mb4_unicode_ci NOT NULL,
  `slug` varchar(200) COLLATE utf8mb4_unicode_ci NOT NULL,
  `content` text COLLATE utf8mb4_unicode_ci NOT NULL,
  `publish_date` timestamp NOT NULL DEFAULT current_timestamp() ON UPDATE current_timestamp(),
  `created_at` timestamp NULL DEFAULT NULL,
  `updated_at` timestamp NULL DEFAULT NULL,
  PRIMARY KEY (`id`),
  KEY `posts_author_id_foreign` (`author_id`),
  CONSTRAINT `posts_author_id_foreign` FOREIGN KEY (`author_id`) REFERENCES `users` (`id`)
) ENGINE=InnoDB AUTO_INCREMENT=21 DEFAULT CHARSET=utf8mb4 COLLATE=utf8mb4_unicode_ci;

-- Dumping data for table codesista_laravel.posts: ~0 rows (approximately)
/*!40000 ALTER TABLE `posts` DISABLE KEYS */;
INSERT INTO `posts` (`id`, `author_id`, `title`, `slug`, `content`, `publish_date`, `created_at`, `updated_at`) VALUES
	(1, 3, 'Minus iusto sed quasi sint nihil voluptatibus nihil. Dignissimos laudantium et enim occaecati sed et magni.', 'minus-iusto-sed-quasi-sint-nihil-voluptatibus-nihil-dignissimos-laudantium-et-enim-occaecati-sed-et-magni', '<p>Sequi rerum perspiciatis laudantium excepturi aperiam ut ipsa. Deserunt ut doloremque doloremque facilis qui omnis atque. Dolorum est doloribus accusantium autem mollitia blanditiis. Dolorum dignissimos sequi rem inventore temporibus. Voluptas commodi qui architecto.</p><p>Totam placeat ut vero aspernatur quae blanditiis non. Impedit ex corporis culpa praesentium fugit. Sunt qui officiis asperiores fuga corporis sed.</p><p>Quis iste iure quia qui provident nesciunt placeat. Et exercitationem rerum veritatis maiores recusandae minus asperiores qui. Sunt quo autem debitis asperiores.</p><p>Temporibus at reprehenderit incidunt qui. Ad modi adipisci vel dolorem dolorem aspernatur. Id blanditiis ipsa voluptatem ut.</p>', '2015-10-03 04:14:28', '2020-07-07 22:34:06', '2020-07-07 22:34:06'),
	(2, 3, 'Voluptatem officiis qui perspiciatis amet quos. Ab dolor ratione ex. Magni vero magni incidunt iusto.', 'voluptatem-officiis-qui-perspiciatis-amet-quos-ab-dolor-ratione-ex-magni-vero-magni-incidunt-iusto', '<p>Numquam perferendis nihil aut incidunt illo. Eos et eos consequatur architecto. Consequatur et quod accusamus aut voluptatem officiis animi.</p><p>Aut incidunt minus non exercitationem praesentium aspernatur. Consequatur ipsum magni nulla hic mollitia dignissimos. Tenetur et sit et vel architecto. Temporibus natus odit ut quis.</p><p>Odit nemo incidunt beatae rem magni at. Incidunt provident quis dolorem. Aut voluptatem consequatur culpa qui laboriosam aut voluptatibus.</p><p>Velit consequatur voluptas quis. Quibusdam provident placeat blanditiis sapiente velit est ab ea. Voluptatem laudantium facere quae unde.</p>', '2014-03-16 14:56:55', '2020-07-07 22:34:06', '2020-07-07 22:34:06'),
	(3, 5, 'Veritatis impedit minus aspernatur. Eveniet corrupti a dolore laudantium ipsa ducimus illo. Et qui molestias qui impedit.', 'veritatis-impedit-minus-aspernatur-eveniet-corrupti-a-dolore-laudantium-ipsa-ducimus-illo-et-qui-molestias-qui-impedit', '<p>Et voluptas necessitatibus nulla. Fugiat minus enim quia exercitationem inventore et ea alias.</p><p>Explicabo ipsa dolorum beatae magnam. Temporibus fugit aspernatur deserunt voluptatem et officia ipsa consequatur. Nisi hic sequi quisquam et explicabo inventore repudiandae. Et ut eligendi ea quo quod consequatur.</p><p>Reiciendis suscipit corrupti ad quis soluta in deleniti. Placeat soluta sed dolor. Nam sint exercitationem ea error voluptatum.</p><p>Quo id rem unde dolor. Deleniti ut necessitatibus vero tenetur velit sunt. Autem id provident impedit sunt. Quaerat placeat dolorem sequi odio.</p>', '2005-10-14 20:06:06', '2020-07-07 22:34:06', '2020-07-07 22:34:06'),
	(4, 3, 'Quia et omnis dignissimos molestiae. Quis velit nobis fuga tempora id soluta.', 'quia-et-omnis-dignissimos-molestiae-quis-velit-nobis-fuga-tempora-id-soluta', '<p>Blanditiis et sit et. Nemo impedit quo animi et quae omnis. Tenetur molestias perspiciatis nesciunt et ducimus atque esse perferendis. Consequatur aliquid illum labore dignissimos voluptates perspiciatis. Omnis labore ut quibusdam dolorem est.</p><p>Eveniet molestias nihil sit quis ut et. Aliquam et eum sit a et eveniet ad. Et sint qui inventore.</p><p>Autem sit officia voluptatem molestiae vitae quasi. Iste perspiciatis iure voluptatem quia vero. Est numquam fuga tenetur aut aut doloremque.</p><p>Non itaque aspernatur et voluptatem saepe magni delectus. Impedit velit voluptas quos blanditiis harum impedit. Ut autem iste voluptatem qui vel accusantium. Beatae consequatur dolorum veniam et atque saepe autem culpa.</p>', '2004-03-29 02:18:32', '2020-07-07 22:34:06', '2020-07-07 22:34:06'),
	(5, 5, 'Recusandae deleniti molestiae et quasi. Voluptatum aut atque accusamus non. Culpa ut qui iure molestiae voluptatem.', 'recusandae-deleniti-molestiae-et-quasi-voluptatum-aut-atque-accusamus-non-culpa-ut-qui-iure-molestiae-voluptatem', '<p>Expedita consectetur beatae aut aut quia. Voluptates amet amet quibusdam qui voluptatibus id. Rerum ad vero ut.</p><p>Animi voluptatem numquam sunt fuga alias tempora temporibus. Velit voluptatem id aut enim. Eos porro repellendus iure ea qui officiis voluptatem. Delectus voluptates tempora ad ex harum suscipit.</p><p>Molestiae consequatur voluptates sunt aut qui. Corporis laudantium quas voluptas perspiciatis facere. Ipsa assumenda sapiente numquam et aut.</p><p>Excepturi voluptas culpa est dolor sint assumenda dolor. Ea ut laboriosam voluptatibus nobis. Explicabo tempora ipsa voluptatum magni laboriosam totam.</p>', '1976-06-15 15:38:06', '2020-07-07 22:34:06', '2020-07-07 22:34:06'),
	(6, 2, 'Eos veniam harum id tempora labore similique. Esse blanditiis quae enim nihil.', 'eos-veniam-harum-id-tempora-labore-similique-esse-blanditiis-quae-enim-nihil', '<p>Est est natus voluptatem aut. Rerum accusamus sed omnis omnis alias. Ut exercitationem velit laborum quaerat quia. Vero enim molestiae delectus voluptatem sit.</p><p>Facere similique impedit qui. Similique nemo ad mollitia repudiandae quia natus. Eum et nostrum quae temporibus facere quia. Facilis et quia aut error labore. Velit aperiam dignissimos dolorem.</p><p>Ipsum rerum eum qui. Nisi laborum cumque et placeat. Occaecati rerum doloremque voluptatum error. Dignissimos quas nam aut quibusdam.</p><p>Optio dolores dolorum mollitia sapiente. Perferendis a saepe id rem itaque. Dolor et ipsam facilis voluptas dolores aut. Aut sed possimus magni perferendis eum ut doloremque.</p>', '1973-06-13 08:01:02', '2020-07-07 22:34:06', '2020-07-07 22:34:06'),
	(7, 1, 'Qui ipsam voluptas fugiat qui sit distinctio. Modi consequatur est ut omnis minima voluptatum.', 'qui-ipsam-voluptas-fugiat-qui-sit-distinctio-modi-consequatur-est-ut-omnis-minima-voluptatum', '<p>Animi aliquid dolore consequatur labore. Temporibus cumque esse facilis fuga harum blanditiis. Aut modi rerum aut.</p><p>Nesciunt nihil eaque maxime minima ut voluptatibus cupiditate. Ipsam cumque quos aut est architecto possimus magni. Laboriosam voluptas illo earum et.</p><p>Explicabo doloribus voluptatem nobis unde ut. Doloremque eaque molestias facilis vel et expedita deserunt. Modi nulla quasi et quis quasi.</p><p>Architecto et doloremque libero explicabo officiis soluta impedit. Aut tempora voluptates excepturi rerum et magnam. Sint labore et omnis fugit.</p>', '2006-06-04 11:18:21', '2020-07-07 22:34:06', '2020-07-07 22:34:06'),
	(8, 1, 'Voluptatem aut pariatur fuga eveniet voluptas. Ea ut soluta qui quos dolor.', 'voluptatem-aut-pariatur-fuga-eveniet-voluptas-ea-ut-soluta-qui-quos-dolor', '<p>Placeat ad natus et similique quae minima facilis. Hic aut necessitatibus adipisci voluptatem qui magni autem. Inventore aut molestias voluptas. Autem quia sunt nisi ducimus ut nobis perspiciatis.</p><p>Non non non excepturi unde sit aliquam est. Doloremque et itaque est quia alias vero veritatis. Dolorem error qui dolores minima unde modi vitae vitae. Accusantium ullam voluptates saepe nihil dolorem.</p><p>Aut sint ut eos assumenda consequatur vero et quod. Exercitationem consequatur asperiores qui magni impedit. Illum possimus architecto praesentium quia aut. Adipisci cum est nostrum excepturi ipsum nihil rerum.</p><p>Maiores doloremque sequi nostrum sunt autem sint ipsa. Ipsum aspernatur illum illo deleniti sapiente quod deleniti. Id aliquam ullam aliquam. Totam laboriosam voluptatibus nam fugiat vel vel.</p>', '2001-06-26 19:09:03', '2020-07-07 22:34:06', '2020-07-07 22:34:06'),
	(9, 3, 'Et delectus aut odio. Suscipit aut est expedita quam accusantium ut est.', 'et-delectus-aut-odio-suscipit-aut-est-expedita-quam-accusantium-ut-est', '<p>Laudantium ea ut et placeat ratione. Vitae culpa inventore porro fugit quia harum. Autem et quae numquam voluptatem id. Laboriosam explicabo reprehenderit et.</p><p>Illum deserunt est qui ipsam dolores voluptatum laboriosam. Ea et ut voluptatem asperiores reiciendis. Ipsum dolores sint magnam autem enim voluptatem ut.</p><p>Cumque aut inventore nesciunt odio odit quod. Optio ipsa autem consequatur itaque minima consequatur cumque. Non unde officia iste qui fugit excepturi. Ut fugiat suscipit tenetur saepe. Explicabo rem aut et occaecati eos quas maiores.</p><p>Dolorem et repellendus voluptatibus voluptatem iste. Iure sit est necessitatibus consequuntur est. Eveniet est magni fuga quo autem quia. Illo aut assumenda et deserunt.</p>', '2002-12-07 16:49:14', '2020-07-07 22:34:06', '2020-07-07 22:34:06'),
	(10, 1, 'Sit facere alias et ex ratione. Nihil corrupti est illo quia molestiae. Ut soluta voluptatum illo.', 'sit-facere-alias-et-ex-ratione-nihil-corrupti-est-illo-quia-molestiae-ut-soluta-voluptatum-illo', '<p>Quos rem eum perferendis repellat. Consequatur voluptas est repudiandae quasi aut illum. Nulla iusto pariatur et quo officiis.</p><p>Accusantium veritatis hic voluptatem sint harum voluptates. Atque eos ut perspiciatis. Sunt explicabo eos provident vero molestias.</p><p>Perspiciatis qui eum incidunt error. Et doloribus quam quis. Molestiae eos iusto et vero qui dolores corrupti. Recusandae autem mollitia voluptatem et commodi exercitationem et. Corporis qui sit consequatur corrupti.</p><p>Incidunt iusto error laborum repellat. Accusantium saepe sit magni ipsa omnis.</p>', '2005-02-17 01:55:38', '2020-07-07 22:34:06', '2020-07-07 22:34:06'),
	(11, 3, 'Et explicabo inventore ut voluptas. Ducimus est est laborum distinctio consectetur.', 'et-explicabo-inventore-ut-voluptas-ducimus-est-est-laborum-distinctio-consectetur', '<p>Perspiciatis quis ut pariatur id. Molestiae vero repudiandae aliquam omnis qui. Nam dolore asperiores saepe rerum ducimus qui aperiam.</p><p>Sed provident culpa tenetur. Deleniti vel omnis nihil voluptatem laborum necessitatibus at repellat. Et quos neque et illo sunt veritatis. Asperiores non aut cumque odit eos.</p><p>Et voluptates praesentium deleniti vel. Eos ut excepturi expedita nam.</p><p>Iste placeat voluptas est. Et fugiat aut consectetur atque dolorem qui. Eius minima voluptas dicta necessitatibus autem.</p>', '2007-10-09 18:12:52', '2020-07-07 23:50:40', '2020-07-07 23:50:40'),
	(12, 3, 'Aspernatur quos pariatur ex eum quam. Dolore qui sint impedit enim reprehenderit qui labore.', 'aspernatur-quos-pariatur-ex-eum-quam-dolore-qui-sint-impedit-enim-reprehenderit-qui-labore', '<p>Officia illum expedita corporis odit vitae quod. Est quaerat quia voluptate pariatur sapiente ipsa voluptate. Temporibus aliquam sunt omnis ut et eveniet voluptas sint. Et nemo non itaque qui accusamus voluptate minus quisquam.</p><p>Autem quas tenetur natus vero asperiores reprehenderit deserunt. Commodi aperiam sed occaecati autem voluptas tempora soluta. Et neque neque doloremque ut qui. Aut autem aut earum porro.</p><p>Cumque consequatur consequatur voluptatibus vero molestias aliquid. Quas perferendis consequatur id provident officia et. Ipsa odit at qui dolorem. Mollitia sint ea sint.</p><p>Nam vero commodi ut. Dignissimos facilis adipisci autem quo non modi. Odio qui et et voluptates odio voluptas. Maiores itaque eius numquam harum aut omnis.</p>', '2019-06-23 02:49:21', '2020-07-07 23:50:40', '2020-07-07 23:50:40'),
	(13, 5, 'Dolore molestiae cum et et ratione et omnis. In et sint porro non omnis in impedit. Provident fugiat est eum.', 'dolore-molestiae-cum-et-et-ratione-et-omnis-in-et-sint-porro-non-omnis-in-impedit-provident-fugiat-est-eum', '<p>Voluptate iusto veritatis neque fugiat. Repellendus dolorem ut est non. Itaque sequi porro suscipit neque. In quo blanditiis sapiente mollitia. Nisi officia minus non.</p><p>Quis quasi architecto amet autem. Necessitatibus velit ex fugiat et nam. Ducimus commodi molestiae debitis. Sapiente veniam dolore totam eum. Laborum voluptas quas dolores aut delectus.</p><p>Vel est quaerat odio dolores. Necessitatibus voluptas nemo excepturi quasi debitis. Veniam sunt at repudiandae consectetur quidem commodi sequi. Dolor tempore sed similique consequatur. Similique porro a et amet repellendus voluptate non ducimus.</p><p>Impedit iste et repellendus reiciendis iusto consequuntur. Qui nam aut sed accusantium ex modi.</p>', '1993-09-01 12:34:35', '2020-07-07 23:50:40', '2020-07-07 23:50:40'),
	(14, 1, 'Sed qui distinctio et accusamus tempore consequuntur repellat. Et quod natus quam adipisci sed laborum rerum.', 'sed-qui-distinctio-et-accusamus-tempore-consequuntur-repellat-et-quod-natus-quam-adipisci-sed-laborum-rerum', '<p>Debitis sunt adipisci eius eos. Ullam sit voluptatem sunt ducimus commodi illum placeat. Assumenda beatae quod omnis assumenda officia qui.</p><p>Culpa dolore labore porro libero unde. Sed praesentium consequatur tempora consequuntur quos voluptatibus. Est quasi voluptas occaecati minus.</p><p>Doloribus iusto accusantium fugiat esse. Soluta praesentium rem dicta quos. Autem illo nam quia cumque fuga blanditiis. Illum non ut rem dignissimos quia molestiae.</p><p>Est explicabo omnis quia incidunt reiciendis. Dolorem dolor quo voluptatem culpa. Omnis velit voluptatem et esse. Odio voluptatem nihil deserunt beatae et fugit ducimus.</p>', '2006-03-20 15:32:37', '2020-07-07 23:50:40', '2020-07-07 23:50:40'),
	(15, 5, 'Autem consequuntur consequuntur molestiae qui. Neque quae veniam odit vel. Autem autem ducimus soluta ducimus.', 'autem-consequuntur-consequuntur-molestiae-qui-neque-quae-veniam-odit-vel-autem-autem-ducimus-soluta-ducimus', '<p>Beatae distinctio eveniet voluptatum quia recusandae excepturi sunt. Ea ipsa praesentium eos aperiam vel odio vitae autem. Magni possimus eius voluptatum omnis ut cupiditate incidunt est. Quia dolorem sunt autem non aliquam quasi.</p><p>Veniam voluptatem molestiae consequatur. Esse quia adipisci aliquid dolores. Ut aut omnis aut. Eos voluptatibus sit officiis quam facere reprehenderit. Qui magnam dolores expedita a.</p><p>Cum iste consequatur et autem adipisci. Sed ducimus laudantium deserunt amet. Pariatur quasi consectetur harum nostrum minus non adipisci. Vel id et aut.</p><p>Accusantium qui maxime qui voluptatem saepe cum. Aliquid nihil est facilis. Nulla qui quos delectus ipsam inventore vel impedit quia.</p>', '2003-03-05 13:58:05', '2020-07-07 23:50:40', '2020-07-07 23:50:40'),
	(16, 4, 'Quod placeat rerum dolorem quia sit et repudiandae. Dicta quia esse et optio qui vel esse.', 'quod-placeat-rerum-dolorem-quia-sit-et-repudiandae-dicta-quia-esse-et-optio-qui-vel-esse', '<p>Voluptate sit eius reprehenderit. Repellat quae praesentium quae minima. Recusandae rem suscipit nesciunt ullam soluta ad asperiores consequatur. Et temporibus id totam cumque quas.</p><p>Voluptas consequuntur sit provident neque distinctio. Autem et quis minima voluptatum doloremque omnis ut. Veniam commodi veritatis non et. Commodi excepturi corrupti sed officia velit.</p><p>Amet explicabo cumque quae qui ipsam velit asperiores sunt. Et illum nulla minima illum modi. Fugiat et exercitationem est excepturi.</p><p>Quia nihil assumenda ex excepturi quisquam aperiam. Enim rerum laudantium rem et earum est libero. Maxime modi quisquam dolorum.</p>', '1985-05-19 06:30:37', '2020-07-07 23:50:40', '2020-07-07 23:50:40'),
	(17, 2, 'Aut inventore eveniet odit aut. Est eum incidunt ut et quasi. Dolorem quisquam consequatur dignissimos.', 'aut-inventore-eveniet-odit-aut-est-eum-incidunt-ut-et-quasi-dolorem-quisquam-consequatur-dignissimos', '<p>Dignissimos qui voluptatibus tenetur voluptatem. Enim ad expedita qui in nihil suscipit. Voluptatem rerum aut odit eveniet reiciendis tenetur. Tempora delectus rem dicta aliquid. Omnis et accusamus iusto.</p><p>Quo dolor laboriosam ut voluptas consequatur. Sed dolorem iusto tempore nihil excepturi sint qui. Et provident exercitationem autem nisi numquam vel.</p><p>Rerum consequatur aliquam perspiciatis voluptatum illum sed corporis expedita. Sint perferendis cum aliquam molestias. Fugit fuga esse ipsum tempore voluptatibus voluptatem. Nisi dolores eveniet inventore sit.</p><p>Debitis et ut tempore enim. Deleniti corrupti aut magnam omnis. Nostrum asperiores non facilis recusandae autem aliquid. Quaerat sit deleniti distinctio recusandae debitis.</p>', '2011-08-27 22:58:51', '2020-07-07 23:50:40', '2020-07-07 23:50:40'),
	(18, 2, 'Hic expedita quia qui sequi. Sed officia debitis ut dolores labore. Eligendi harum praesentium neque accusantium.', 'hic-expedita-quia-qui-sequi-sed-officia-debitis-ut-dolores-labore-eligendi-harum-praesentium-neque-accusantium', '<p>Consequuntur repudiandae placeat quo ducimus nam eos. Expedita eligendi quo aut quam magni. Explicabo corporis quasi vitae et laboriosam omnis cum.</p><p>Quae culpa at adipisci doloremque sit aliquid. Sed impedit architecto temporibus tempora soluta officia. Architecto qui quis enim est accusantium assumenda. Cupiditate dolorum hic iure consequatur.</p><p>Iure occaecati perspiciatis ipsum rem. At impedit consequatur necessitatibus perspiciatis. Culpa officia in saepe. Reprehenderit aliquid iusto molestiae dolor tenetur.</p><p>Corrupti cupiditate maiores officia non voluptatum sit. Et laboriosam sit autem vero. Est quam placeat eveniet a magnam. Debitis ducimus rerum non.</p>', '1973-01-29 11:42:13', '2020-07-07 23:50:40', '2020-07-07 23:50:40'),
	(19, 3, 'Quaerat mollitia sapiente illo incidunt consequatur. Facilis nemo ad at et nobis. In voluptas nobis inventore qui hic eos.', 'quaerat-mollitia-sapiente-illo-incidunt-consequatur-facilis-nemo-ad-at-et-nobis-in-voluptas-nobis-inventore-qui-hic-eos', '<p>Aut totam doloremque omnis mollitia. Sint necessitatibus cum autem nemo consequatur. Natus quam aliquid dolorem hic enim velit unde.</p><p>Iste quas iusto expedita quis quo quas aperiam quia. Atque nisi ratione maiores dolores eius architecto molestiae dolor. Aperiam natus sint eum.</p><p>Atque et eveniet magnam omnis natus. Aut quisquam explicabo rem sunt dolor voluptates. Et voluptas natus quis. Labore unde est fuga facilis omnis quia sed.</p><p>Deserunt dolores dolor tenetur eum. Illum eius repellat at iusto est. Non quia molestias hic. Quo sint expedita deleniti exercitationem ab repellendus consequatur.</p>', '1992-07-16 21:49:23', '2020-07-07 23:50:40', '2020-07-07 23:50:40'),
	(20, 3, 'Dicta ad unde vel. Ut ut dolores in quibusdam aut sapiente voluptates. Sed eligendi ipsum quidem autem.', 'dicta-ad-unde-vel-ut-ut-dolores-in-quibusdam-aut-sapiente-voluptates-sed-eligendi-ipsum-quidem-autem', '<p>Non assumenda consequatur et nihil veritatis similique. Magnam adipisci et necessitatibus maiores nisi omnis laudantium. Nam et expedita blanditiis est tempore dolorem quo ipsam.</p><p>Perspiciatis hic quaerat corporis quam quam. Optio similique odit dolorem sed molestias ullam. Non iure architecto aut harum quis velit fugiat. Facilis sed iste et.</p><p>Pariatur suscipit tempora quam laboriosam quasi accusantium suscipit. Ipsum alias molestiae deserunt sint ut omnis. Consequatur fugit voluptatem ea officiis optio totam totam. Sunt quod ad porro sed laborum et aut.</p><p>Tempore aut ut optio officiis unde et reprehenderit. Eos maxime et beatae maxime provident unde. Sed iste libero aut ab. Ad ut eos esse iste fuga in.</p>', '1978-03-13 12:54:25', '2020-07-07 23:50:40', '2020-07-07 23:50:40');
/*!40000 ALTER TABLE `posts` ENABLE KEYS */;

-- Dumping structure for table codesista_laravel.users
DROP TABLE IF EXISTS `users`;
CREATE TABLE IF NOT EXISTS `users` (
  `id` bigint(20) unsigned NOT NULL AUTO_INCREMENT,
  `name` varchar(255) COLLATE utf8mb4_unicode_ci NOT NULL,
  `email` varchar(255) COLLATE utf8mb4_unicode_ci NOT NULL,
  `email_verified_at` timestamp NULL DEFAULT NULL,
  `password` varchar(255) COLLATE utf8mb4_unicode_ci NOT NULL,
  `remember_token` varchar(100) COLLATE utf8mb4_unicode_ci DEFAULT NULL,
  `created_at` timestamp NULL DEFAULT NULL,
  `updated_at` timestamp NULL DEFAULT NULL,
  PRIMARY KEY (`id`),
  UNIQUE KEY `users_email_unique` (`email`)
) ENGINE=InnoDB AUTO_INCREMENT=11 DEFAULT CHARSET=utf8mb4 COLLATE=utf8mb4_unicode_ci;

-- Dumping data for table codesista_laravel.users: ~0 rows (approximately)
/*!40000 ALTER TABLE `users` DISABLE KEYS */;
INSERT INTO `users` (`id`, `name`, `email`, `email_verified_at`, `password`, `remember_token`, `created_at`, `updated_at`) VALUES
	(1, 'Carter Walter', 'luther05@example.com', '1996-01-04 00:06:05', 'zx\'GVMbTl-;>a]g_-d0', 'HS-T8zRv,/I-c|1', '2020-07-07 21:43:58', '2020-07-07 21:43:58'),
	(2, 'Shanna Corwin MD', 'beverly.reichert@example.com', '1980-12-31 00:03:30', '7<UUdM=PBxzy`b`/8', 'Qhxn24EJ', '2020-07-07 21:43:58', '2020-07-07 21:43:58'),
	(3, 'Helga Senger DVM', 'bernhard.paige@example.org', '2006-01-07 16:56:48', 'chg\\\\[)o\\No.', '+#{Xoz,<<H>B(G2_:G', '2020-07-07 21:43:58', '2020-07-07 21:43:58'),
	(4, 'Katheryn Spencer', 'minerva.mayert@example.net', '1988-04-07 23:09:37', '.WG;xT]WI', '<yG#%,A\'DxA.@q:FrIS0', '2020-07-07 21:43:58', '2020-07-07 21:43:58'),
	(5, 'Hassie Christiansen V', 'daisy.lemke@example.com', '1988-07-17 13:48:39', 'dE52afRWN7k7CUO', '8.m)EPq"_hNznn', '2020-07-07 21:43:58', '2020-07-07 21:43:58'),
	(6, 'Merle Schroeder', 'lester80@example.net', '1988-11-28 19:09:21', 'hSYV<2u~w"5]d', 'k`J(1gpohp0(C8', '2020-07-07 22:02:40', '2020-07-07 22:02:40'),
	(7, 'Prof. Edison Graham V', 'turner.howell@example.org', '2019-05-18 02:43:10', 'e@;R#8Pr/]?<SZP[5Aor', 'S\\10cN', '2020-07-07 22:02:40', '2020-07-07 22:02:40'),
	(8, 'Santina Christiansen', 'rhett20@example.net', '1977-02-02 15:10:25', 'Z(<OYeI:KV"?}', 'qPn_k)]_$B?&', '2020-07-07 22:02:40', '2020-07-07 22:02:40'),
	(9, 'Ms. Cathy Haag II', 'randi12@example.net', '2012-11-11 20:11:18', 'Ut#3I<kcDBw3D@)', 'YbB.4y)zl>c]h\\S', '2020-07-07 22:02:40', '2020-07-07 22:02:40'),
	(10, 'Bettye Harber II', 'ivah15@example.net', '2015-04-30 16:59:59', '^JIf<?#`^oj', 'Knx;VW3ydkX_', '2020-07-07 22:02:40', '2020-07-07 22:02:40');
/*!40000 ALTER TABLE `users` ENABLE KEYS */;

/*!40101 SET SQL_MODE=IFNULL(@OLD_SQL_MODE, '') */;
/*!40014 SET FOREIGN_KEY_CHECKS=IF(@OLD_FOREIGN_KEY_CHECKS IS NULL, 1, @OLD_FOREIGN_KEY_CHECKS) */;
/*!40101 SET CHARACTER_SET_CLIENT=@OLD_CHARACTER_SET_CLIENT */;
